{
  "parent": "item/handheld",
  "textures": {
    "layer0": "item/empty_armor_slot_shield"
  },
  "display": {
    "thirdperson_righthand": {
      "rotation": [ -80, 260, -40 ],
      "translation": [ -1, 5, 1.8 ],
      "scale": [ 1.7, 1.7, 0.7 ]
    },
    "thirdperson_lefthand": {
      "rotation": [ 0, -270, 40 ],
      "translation": [ 0, 0, 10.8 ],
      "scale": [ 1.7, 1.7, 0.7 ]
    },
    "firstperson_righthand": {
      "rotation": [ 0, -90, 25 ],
      "translation": [ 1.13, 5.2, 1.13],
      "scale": [ 1.36, 1.36, 0.5 ]
    },
    "firstperson_lefthand": {
      "rotation": [ 0, 90, -25 ],
      "translation": [ 1.13, 5.2, 1.13],
      "scale": [ 1.36, 1.36, 0.5 ]
    },
    "fixed": {
      "rotation": [ 0.5, 0.1, 0 ],
      "translation": [ 4, 4, -0.95],
      "scale": [ 2, 2, 1 ]
    }    
  }
}
