{
  "parent": "item/handheld",
  "textures": {
    "layer0": "item/empty_armor_slot_shield"
  },
  "display": {
    "thirdperson_righthand": {
      "rotation": [ 100, 80, -40 ],
      "translation": [ -0, 5, 1.8 ],
      "scale": [ 0.85, 0.85, 0.7 ]
    },
    "thirdperson_lefthand": {
      "rotation": [ 100, -100, 40 ],
      "translation": [ -0, 5, 1.8 ],
      "scale": [ 0.85, 0.85, 0.7 ]
    },
    "firstperson_righthand": {
      "rotation": [ 0, -270, 15 ],
      "translation": [ 1.13, 5.2, 1.13],
      "scale": [ 0.68, 0.68, 0.5 ]
    },
    "firstperson_lefthand": {
      "rotation": [ 0, 270, -15 ],
      "translation": [ 1.13, 5.2, 1.13],
      "scale": [ 0.68, 0.68, 0.5 ]
    },
    "fixed": {
      "rotation": [ 0, 0, 0 ],
      "translation": [ 4, 4, -0.95],
      "scale": [ 1, 1, 1 ]
    }    
  }
}
