{"stat.chestOpened":10,"stat.walkOneCm":434570,"lurker.learn":1,"warg.learn":1,"stat.leaveGame":3,"stat.pickup.minecraft.string":7,"stat.jump":139,"stat.swimOneCm":1338,"stat.pickup.betterwithmods.hemp":1,"stat.climbOneCm":5271,"stat.crouchOneCm":2402,"stat.useItem.minecraft.written_book":2,"stat.pickup.minecraft.sapling":1,"stat.pickup.rustic.grape_stem":1,"quillbeast.learn":1,"stat.sprintOneCm":763,"stat.pickup.minecraft.red_mushroom":1,"stat.useItem.minecraft.stone_slab2":27,"stat.pickup.minecraft.rotten_flesh":2,"stat.damageTaken":40,"stat.waystones:waystonesActivated":1,"stat.mineBlock.minecraft.torch":1,"stat.mobKills":1,"stat.flyOneCm":644070,"stat.playOneMinute":32640,"stat.pickup.minecraft.torch":1,"stat.sneakTime":761,"wildkin.learn":1,"stat.pickup.rustic.chili_pepper_seeds":1,"stat.damageDealt":29,"stat.timeSinceDeath":32640,"stat.pickup.rustic.ironberries":2,"stat.diveOneCm":1406}